Dates,Import Prices,Import Prices By Pipeline,Import Prices As LNG,Export Prices,Export Prices By Pipeline,Export Prices As LNG,Citygate Prices,Residential Prices,Commercial Prices,Industrial Prices,Electric Power Prices,Gross Withdrawals,Marketed Production,NGPL Production,Dry Production,Import Volume(Mcf),Import Volume By Pipeline,Import Volume As LNG,Export Volume(Mcf),Export Volume By Pipeline,Export Volume As LNG,Total Capacity,Gas in Storage,Base Gas,Working Gas,Injections,Withdrawals,Net Withdrawals,Total Consumption,Lean & Plant Fuel,Pipeline & Distribution Use,Delivered to Consumers,Residential,Commercial,Industrial,Vehicle Fuel,Electric Power
2000-01-1,2.44,2.42,2.85,2.95,,,	3.27,6.37,5.77,,,2055436,1708636,85910,1622726,1622726,313092,12806,17776,,5604,8179039,6139305,4378838,1760467,59132,841196,782064,,97358,,,,451876,,1080,
2000-02-1,2.6,2.57,3.33,3.05,,,3.48,6.54,5.95,,,1908564,1573807,79131,1494676,1494676,289953,10155,21015,,5603,8229259,5681255,4377691,1303564,82916,533280,450364,,89676,,,,420754,,1010,
2000-03-1,2.61,2.6,2.77,3,,,3.54,6.91,5.78,,,2075453,1722304,86597,1635707,1635707,291785,14812,20505,,3814,8229259,5516786,4363567,1153219,139272,291383,152111,,98137,,,,347668,,1080,
2000-04-1,2.86,2.85,2.9,3.37,,,3.72,7.19,6.03,,,1957991,1628474,81880,1546594,1546594,274637,19378,17015,,5700,8229259,5564588,4362070,1202518,191789,146087,-45702,,92790,,,,255390,,1045,
2000-05-1,3.05,3.05,3.06,3.52,,,4.15,8.26,5.97,,,2001347,1691817,85065,1606752,1606752,274616,13176,19810,,5740,8229259,5795357,4362257,1433100,312860,81665,-231195,,96400,,,,180659,,1080,
2000-06-1,3.87,3.89,3.49,4.27,,,5.19,9.5,6.49,,,1964009,1651376,83031,1568345,1568345,278529,17517,16249,,3792,8229259,6078632,4361325,1717307,348994,64535,-284459,,94095,,,,147135,,1045,
2000-07-1,3.94,3.99,3.51,4.45,,,5.2,10.32,6.55,,,2017945,1705843,85770,1620073,1620073,293379,28906,19546,,5626,8229259,6364523,4361825,2002698,372132,82854,-289278,,97199,,,,136910,,1080,
2000-08-1,3.62,3.65,3.29,4.13,,,4.63,10.37,6.08,,,2038022,1718738,86418,1632320,1632320,295365,22943,20775,,5627,8229259,6560205,4361209,2198996,304598,108584,-196014,,97934,,,,150288,,1080,
2000-09-1,4.15,4.19,3.7,4.81,,,5.21,10.1,6.92,,,1987026,1663224,83627,1579598,1579598,283131,21713,20568,,5620,8229259,6854681,4360389,2494292,370425,79749,-290675,,94771,,,,148609,,1045,
2000-10-1,5.16,5.27,3.96,5.04,,,5.66,9.44,7.48,,,2097748,1749979,87989,1661990,1661990,297137,27390,23070,,7546,8229259,7091843,4359576,2732267,328889,87540,-241349,,99714,,,,181030,,1080,
2000-11-1,4.86,4.94,3.61,4.39,,,5.2,8.58,7.57,,,1999721,1664842,83708,1581133,1581133,310567,19192,24767,,5736,8246259,6803053,4360859,2442194,107538,395838,288299,,94863,,,,290024,,1045,
2000-12-1,7.35,7.48,4.77,5.65,,,6.64,8.56,8.2,,,2070613,1718470,86405,1632066,1632066,353376,18049,22621,,5617,8246259,6071016,4352091,1718926,65739,785493,719754,,97918,,,,472125,,1080,
2001-01-1,9.47,9.61,6.72,7.48,8.26,4.69,8.91,10.12,9.5,8.84,,2096948,1753237,81309,1671928,1671928,354873,18204,25547,19929,5618,8247978,5609446,4343950,1265496,92052,587628,495576,2676998,95602,76386,2505011,2505011,500267,686540,1235,340292
2001-02-1,6.45,6.49,5.86,5.8,5.97,4.74,7.08,10.26,9.8,7.21,,1910051,1582557,73394,1509163,1509163,306190,22099,26882,23126,3756,8247978,5240820,4328455,912366,74102,413534,339432,2309464,86821,65770,2156873,2156873,422407,640026,1115,312843
2001-03-1,5.42,5.42,5.42,4.93,4.97,4.71,6.1,9.85,9.14,6.3,,2116381,1766754,81936,1684817,1684817,334858,23245,32121,26510,5611,8247978,5041971,4300420,741551,115765,298446,182681,2246633,96438,63626,2086568,2086568,375688,664918,1235,362843
2001-04-1,5.35,5.4,4.72,5.65,6.09,4.26,6.3,10.16,9.01,6.08,,2028145,1703310,78994,1624316,1624316,296560,22013,23637,18009,5628,8247978,5252851,4260588,992263,348952,69902,-279050,1807170,92602,50736,1663832,1663832,255361,622054,1195,384494
2001-05-1,4.95,5.01,4.29,5.5,5.81,4.23,5.77,11.14,9.19,5.46,,2070749,1763141,81769,1681372,1681372,294734,27144,28981,23268,5713,8247978,5749464,4309369,1440096,519753,40662,-479091,1522382,94981,42238,1385163,1385163,164146,576532,1235,433923
2001-06-1,3.94,3.91,4.19,4.64,4.71,4.29,5.38,11.58,8.5,4.75,,1993266,1685568,78171,1607397,1607397,290824,26589,24554,20751,3803,8274026,6192512,4310080,1882431,490236,49385,-440851,1444378,91218,40041,1313119,1313119,135449,536820,1195,492819
2001-07-1,3.17,3.12,3.87,3.62,3.48,4.28,4.03,11.22,7.9,4.1,,2041970,1737185,80565,1656620,1656620,339472,25099,31219,25521,5698,8271906,6576075,4315312,2260763,450907,66006,-384901,1598071,93635,44518,1459919,1459919,130415,570067,1235,634425
2001-08-1,3.14,3.11,3.51,3.48,3.28,4.3,4.32,10.89,7.61,3.99,,2056737,1737283,80570,1656714,1656714,334220,19118,28965,23248,5717,8273006,6888848,4313050,2575798,386298,79128,-307170,1669178,94087,46609,1528483,1528483,133687,589875,1235,686753
2001-09-1,2.63,2.58,3.35,2.79,2.45,4.4,3.66,10.17,6.96,3.5,,2009185,1688682,78316,1610366,1610366,293037,21827,33517,27806,5711,8273006,7261934,4317667,2944267,413221,41288,-371933,1494128,91760,41497,1360871,1360871,143342,578590,1195,510262
2001-10-1,2.14,2.13,2.24,2.74,2.26,4.41,3.37,8.24,6.39,3.18,,2097034,1757397,81502,1675894,1675894,314389,11725,34452,26827,7625,8273006,7453778,4309807,3143972,282339,92822,-189516,1649073,95679,45967,1507428,1507428,185356,617291,1235,466080
2001-11-1,2.95,2.95,2.89,3.21,3.04,4.3,4.02,7.98,6.79,3.88,,2006035,1671377,77513,1593864,1593864,283195,7850,41840,36149,5692,8273006,7554750,4300650,3254099,210453,137839,-72614,1700950,91351,47630,1561970,1561970,230554,618950,1195,350549
2001-12-1,2.68,2.67,2.95,2.76,2.52,4.3,3.9,7.3,6.35,3.69,,2074278,1723803,79944,1643859,1643859,296461,13212,41564,35916,5648,8273006,7204251,4300737,2903514,80185,432047,351862,2120198,94379,59946,1965873,1965873,346038,642556,1235,367018
2002-01-1,2.73,2.71,3.7,2.9,2.63,4.27,3.79,7.38,6.51,4.05,3.1,2057728,1700744,81851,1618892,1618892,335437,8043,34491,28835,5656,8281956,6657016,4313154,2343861,59478,605976,546498,2487638,95508,72857,2319273,2319273,435234,686108,1270,381434
2002-02-1,2.32,2.3,2.97,2.42,2.19,4.04,3.76,7.23,6.4,3.7,2.86,1858737,1522916,73293,1449623,1449623,298346,7571,30383,26591,3792,8375354,6193791,4355926,1837865,55460,519577,464117,2242427,86015,65626,2090786,2090786,399911,632621,1147,344243
2002-03-1,2.61,2.61,2.65,2.75,2.58,3.74,3.84,7.1,6.28,3.78,3.37,2061811,1701456,81886,1619570,1619570,322445,10151,38141,32483,5658,8376420,5872829,4355035,1517794,107774,427864,320090,2258431,95646,65870,2096915,2096915,372845,655854,1270,406516
2002-04-1,3.27,3.28,3.07,3.51,3.47,3.68,4.21,7.66,6.56,3.64,3.8,1978245,1644193,79130,1565063,1565063,297903,17213,39194,31740,7454,8376420,6013613,4355071,1658541,238090,112304,-125786,1880985,91995,54441,1734549,1734549,267206,646534,1229,404384
2002-05-1,3.25,3.25,3.33,3.32,3.29,3.79,4.07,8.54,6.68,4.07,3.78,2027979,1711242,82357,1628885,1628885,291312,28092,39459,37576,1882,8376420,6329453,4361328,1968125,381221,59640,-321581,1611453,94802,46147,1470504,1470504,192070,611973,1270,410108
2002-06-1,3.08,3.05,3.38,3.27,3.18,3.85,4.15,9.58,6.8,3.86,3.61,1969276,1648568,79340,1569228,1569228,292178,25824,44939,39327,5612,8376420,6663387,4355213,2308175,397475,56451,-341023,1591373,91805,45601,1453967,1453967,146151,595674,1229,550941
2002-07-1,2.84,2.81,3.33,3.31,3.2,4.09,3.95,10.31,6.62,3.8,3.49,2036905,1719187,82739,1636448,1636448,323240,21400,45032,39426,5607,8384320,6896201,4357567,2538634,342798,101290,-241508,1748435,95227,50359,1602849,1602849,136841,605786,1270,733887
2002-08-1,2.7,2.67,3.14,2.99,2.82,4.26,3.67,10.44,6.45,3.62,3.42,2018574,1684340,81062,1603278,1603278,331839,24174,46511,40905,5607,8384320,7130055,4356676,2773379,325336,89506,-235830,1725712,93998,49635,1582079,1582079,135717,611822,1270,717592
2002-09-1,3.06,3.04,3.32,3.37,3.24,4.3,3.99,10.23,6.54,3.89,3.71,1922715,1592968,76665,1516304,1516304,318707,16886,46563,40952,5611,8386282,7384108,4342469,3041639,339756,71013,-268743,1542170,89315,44256,1408599,1408599,141457,573310,1229,568699
2002-10-1,3.56,3.58,3.39,3.72,3.64,4.28,4.32,8.61,6.64,4.18,4.19,1976488,1630246,78459,1551787,1551787,316006,27421,42109,36495,5614,8386282,7457920,4342017,3115902,232180,145238,-86942,1645873,91673,47265,1506936,1506936,199288,613448,1270,442357
2002-11-1,4.04,4.05,3.84,4.21,4.2,4.3,4.65,7.99,6.89,4.72,4.35,1979436,1634246,78651,1555595,1555595,308739,21804,54589,48942,5647,8431038,7272705,4344078,2928627,123890,321966,198076,1913629,91840,55394,1766395,1766395,298091,632273,1229,351612
2002-12-1,4.2,4.19,4.35,4.3,4.3,4.34,4.74,7.87,7.16,4.92,4.72,2053385,1694674,81559,1613115,1613115,350581,20147,54821,49118,5703,8431038,6715467,4340234,2375233,66387,626841,560454,2378895,95259,69469,2214167,2214167,419358,661782,1270,360123
2003-01-1,4.89,4.9,4.69,5.61,5.74,4.43,5.28,8.18,7.48,5.65,5.33,2056766,1690682,74131,1616551,1616551,336055,23113,58449,52795,5654,8403351,5865966,4343648,1522318,44382,883945,839563,2700545,94993,72816,2532736,2532736,514945,687821,1552,382443
2003-02-1,5.71,5.77,4.83,6.46,6.68,4.44,5.83,8.58,7.98,6.4,6.47,1880691,1537109,67398,1469711,1469711,287797,21007,56393,50784,5609,8412132,5187077,4336577,850501,47449,724482,677032,2500315,86364,67462,2346489,2346489,482485,643666,1402,334698
2003-03-1,7.61,7.84,5.41,8.47,8.97,4.3,7.63,9.77,9.2,8.27,7.05,2104114,1739241,76260,1662980,1662980,293362,31002,51851,46247,5604,8394259,5055702,4325647,730055,170794,306139,135345,2197936,97721,58692,2041522,2041522,388190,615956,1552,361243
2003-04-1,5,4.95,5.4,5.22,5.33,4.44,5.6,10.18,8.97,5.96,5.38,2007565,1665329,73020,1592310,1592310,281973,32682,48831,43194,5637,8394259,5210476,4317155,893321,277066,119366,-157700,1743530,93569,46108,1603853,1603853,261069,574624,1502,352164
2003-05-1,5.04,5.08,4.79,5.51,5.59,4.62,5.69,10.79,8.71,5.78,5.7,2016922,1700460,74560,1625900,1625900,279344,45814,48519,44695,3825,8394259,5621675,4324112,1297563,452550,40598,-411951,1514697,95542,39657,1379497,1379497,179065,557167,1552,394021
2003-06-1,5.53,5.62,5.02,5.94,6.03,4.76,6.4,12.08,9,6.59,6.08,1970130,1646690,72202,1574488,1574488,258964,47914,51924,48406,3518,8218973,6090298,4325116,1765182,505154,35857,-469296,1368369,92521,35652,1240196,1240196,134302,511339,1502,435598
2003-07-1,5.11,5.08,5.27,5.31,5.4,4.67,5.83,12.75,8.73,5.69,5.45,1991705,1667181,73101,1594080,1594080,282729,57803,48707,42143,6564,8195447,6450716,4324829,2125887,425604,64215,-361389,1600484,93673,42107,1464704,1464704,131884,574374,1552,630270
2003-08-1,4.54,4.56,4.4,4.9,4.95,4.43,5.48,12.84,8.4,5.28,5.23,2033633,1701056,74586,1626469,1626469,282616,49012,50962,45796,5166,8220216,6762507,4326761,2435746,372260,61790,-310470,1651580,95576,43482,1512522,1512522,130829,580776,1552,683513
2003-09-1,4.67,4.69,4.6,4.95,5.02,4.4,5.58,12.31,8.41,5.32,5.12,1976511,1638825,71858,1566968,1566968,266841,53835,53337,47834,5503,8264908,7173311,4328035,2845276,441612,30556,-411056,1428554,92079,37347,1299128,1299128,136088,564407,1502,468510
2003-10-1,4.48,4.52,4.31,4.63,4.67,4.4,5.33,10.64,8.28,4.93,4.98,2057161,1694596,74303,1620293,1620293,273482,57523,62314,54715,7598,8264830,7456712,4326501,3130211,343491,59357,-284134,1553189,95213,40742,1417234,1417234,176727,598581,1552,408817
2003-11-1,4.51,4.54,4.34,4.67,4.69,4.45,5.54,9.77,8.36,5.19,4.85,1977961,1620085,71036,1549049,1549049,269978,46743,71867,66171,5696,8208497,7341444,4303488,3037956,141567,228166,86599,1753642,91026,46462,1616154,1616154,256260,596599,1502,348129
2003-12-1,5.08,5.12,4.78,5.32,5.39,4.51,5.89,9.51,8.62,5.9,5.69,2045819,1673106,73361,1599746,1599746,324089,40072,76769,71068,5701,8208377,6865772,4303153,2562619,69785,544262,474477,2263659,94005,60963,2108690,2108690,387647,645086,1552,335810
2004-01-1,5.98,6.02,5.71,6.02,6.15,4.42,6.41,9.71,9.06,6.72,6.37,2062805,1674398,79493,1594905,1594905,319783,53413,67024,61908,5116,8219468,6051839,4300796,1751044,59591,874924,815333,2675834,94386,68605,2512844,2512844,506719,680076,1737,361401
2004-02-1,5.67,5.65,5.78,5.71,5.81,4.53,6.35,9.85,9.1,6.52,5.76,1920843,1551457,73656,1477801,1477801,296970,48959,69805,64634,5171,8219073,5452307,4296549,1155757,47860,650388,602529,2511097,87746,64405,2358946,2358946,477627,648777,1625,373466
2004-03-1,5.15,5.13,5.23,5.35,5.4,4.6,6.23,10.03,9.05,5.97,5.5,2076537,1685174,80004,1605170,1605170,299959,49033,90982,85376,5606,8219073,5341885,4283474,1058411,167946,271716,103770,2100921,95007,53307,1952607,1952607,357088,627150,1737,375203
2004-04-1,5.21,5.2,5.25,5.57,5.65,4.79,6.31,10.54,9.02,6.06,5.74,1995315,1629220,77348,1551873,1551873,279043,46061,61916,56277,5639,8200815,5535291,4282836,1252455,298528,95471,-203058,1745171,91478,43947,1609746,1609746,253143,585952,1681,389328
2004-05-1,5.63,5.63,5.62,6.12,6.16,4.89,6.48,11.63,9.23,6.34,6.3,2001333,1654209,78534,1575675,1575675,273379,53162,60968,59059,1909,8175684,5910982,4287223,1623759,425086,43263,-381824,1573043,92131,39356,1441557,1441557,172982,568079,1737,485114
2004-06-1,6.06,6.05,6.15,6.48,6.58,4.83,6.94,13.08,9.71,6.82,6.52,1965797,1619097,76867,1542230,1542230,284744,57190,64227,60439,3788,8175684,6307379,4284444,2022935,435794,36037,-399756,1483684,90387,37031,1356266,1356266,138786,562774,1681,508140
2004-07-1,5.75,5.76,5.71,6.09,6.19,4.98,6.68,13.54,9.65,6.41,6.24,2019157,1668490,79212,1589277,1589277,299561,75090,67031,61405,5627,8209784,6681153,4286584,2394569,424224,59863,-364361,1584933,92943,39651,1452339,1452339,128669,570650,1737,626401
2004-08-1,5.62,5.6,5.68,5.86,5.94,5.05,6.51,13.74,9.66,6.36,5.97,2016570,1654093,78529,1575564,1575564,300740,59504,67491,61887,5604,8169664,7004573,4261959,2742614,404990,57225,-347766,1577962,92594,39477,1445892,1445892,128662,583113,1737,612571
2004-09-1,4.96,4.94,5.05,5.47,5.49,5.24,6.06,13.31,9.26,5.68,5.39,1909243,1550376,73605,1476771,1476771,287583,57038,74439,66966,7474,8148776,7310455,4253905,3056550,392675,67287,-325388,1482150,87371,37067,1357712,1357712,132058,569609,1681,529440
2004-10-1,5.38,5.37,5.42,5.77,5.83,5.24,6.3,11.69,9.17,6.03,6.05,2009174,1620423,76930,1543492,1543492,287786,47748,61174,55845,5329,8216597,7548214,4245979,3302235,309909,62653,-247256,1557224,91736,38942,1426546,1426546,175142,593409,1737,439841
2004-11-1,6.98,6.98,6.96,7.17,7.3,5.32,7.5,11.44,10.21,7.64,6.71,1969226,1583720,75188,1508532,1508532,327506,41179,86431,80824,5607,8216397,7479367,4234821,3244547,128196,191886,63691,1782796,89828,44990,1647979,1647979,256336,606591,1681,376169
2004-12-1,6.96,6.91,7.18,7.22,7.35,5.4,7.49,11.09,10.42,7.54,6.88,2023680,1626834,77235,1549599,1549599,349489,63638,82649,77051,5599,8215861,6897200,4201124,2696075,55204,625852,570648,2327730,92299,59411,2176020,2176020,401760,660229,1737,386690
2005-01-1,6.3,6.3,6.29,6.2,6.26,5.27,7.05,10.9,10.02,7.06,6.72,2035036,1632685,75608,1557077,1557077,347187,57829,91395,85799,5597,8236668,6199291,4205348,1993943,58485,771451,712966,2561858,96256,68889,2396713,2396713,466725,650989,1944,384710
2005-02-1,6.14,6.11,6.34,6.21,6.26,5.4,7.09,10.87,9.83,7.15,6.42,1870546,1498281,69384,1428897,1428897,302957,53538,89576,83987,5589,8236668,5768939,4204477,1564462,58897,487458,428561,2242986,88430,60200,2094357,2094357,411963,590965,1755,330547
2005-03-1,6.24,6.25,6.17,6.59,6.67,5.26,7.24,10.84,9.91,7.12,6.84,2080504,1687347,78140,1609208,1609208,333765,45885,96220,90634,5586,8236593,5484332,4199962,1284370,99852,384780,284927,2205787,98748,58871,2048169,2048169,377031,604866,1944,386309
2005-04-1,6.92,6.93,6.91,7.06,7.27,5.19,7.79,11.88,10.25,7.71,7.27,1979474,1614614,74771,1539843,1539843,278581,47567,55538,49883,5655,8237729,5699060,4200417,1498643,287839,71971,-215869,1724877,94125,45564,1585188,1585188,242656,566130,1881,390358
2005-05-1,6.58,6.56,6.67,6.75,6.84,5.38,7.51,12.74,10.35,7.19,6.83,2010625,1652081,76506,1575574,1575574,281369,52628,58944,55190,3754,8237729,6075521,4200370,1875151,439385,56604,-382780,1522613,95833,39863,1386917,1386917,173748,540722,1944,422978
2005-06-1,6.35,6.34,6.37,6.6,6.68,5.49,7.3,13.79,10.22,6.91,7.08,1972975,1611743,74638,1537105,1537105,265332,56377,54807,51041,3766,8237729,6398738,4201247,2197491,390091,65769,-324321,1534122,93862,40242,1400018,1400018,135458,516522,1881,594137
2005-07-1,6.82,6.82,6.88,7.09,7.27,5.89,7.68,14.86,10.58,7.4,7.57,1984143,1627427,75365,1552062,1552062,332952,53141,55048,47579,7468,8237729,6653209,4203040,2450169,351375,95138,-256237,1686609,94516,44485,1547608,1547608,124649,521733,1944,777000
2005-08-1,7.5,7.51,7.43,7.93,8.15,6.08,8.2,15.51,11.01,7.98,8.67,1988105,1619414,74994,1544420,1544420,308175,43630,51987,46391,5596,8238729,6865103,4202842,2662261,314283,100094,-214188,1695102,94493,44721,1555887,1555887,123903,526148,1944,791293
2005-09-1,9.96,9.97,9.88,9.71,10.26,5.97,10.26,16.56,12.59,10.18,10.99,1766603,1400941,64876,1336065,1336065,294082,51824,43824,38233,5591,8238729,7136424,4204726,2931698,359331,86793,-272538,1422495,83252,37415,1301829,1301829,126731,477413,1881,577543
2005-10-1,11.99,11.95,12.17,11.06,11.82,6.24,12.16,16.44,14.29,12.06,11.84,1871190,1475622,68335,1407287,1407287,306729,59576,41025,35433,5592,8238729,7400321,4206218,3194104,339914,73924,-265991,1428227,88025,37443,1302758,1302758,162077,501875,1944,434692
2005-11-1,11.31,11.07,12.54,10.34,10.9,6.4,11.57,15.64,14.76,12.11,9.87,1901758,1514407,70131,1444276,1444276,301411,57977,44964,39373,5591,8238729,7398295,4209135,3189160,203449,211850,8401,1663400,89739,43968,1529693,1529693,240134,527303,1881,373351
2005-12-1,10.91,10.98,10.47,10.59,11.14,6.68,10.77,14.6,14.01,11.17,11.26,1995862,1592533,73749,1518785,1518785,357234,51288,45272,39691,5581,8238729,6835374,4200014,2635360,98681,650767,552086,2326360,94239,62367,2169754,2169754,413844,576502,1944,406226
2006-01-1,10.11,10.05,10.57,9.52,9.93,5.9,10.8,14.92,14.16,10.85,9.15,1975168,1611000,75204,1535797,1535797,320850,39466,55600,50022,5579,8238729,6573119,4202072,2371047,109640,373525,263885,2165268,95508,58834,2010926,2010926,396993,579855,2016,318364
2006-02-1,7.96,7.89,8.47,7.71,7.91,5.81,9.34,13.98,12.95,9.38,8,1794241,1450983,67734,1383249,1383249,282308,38737,58766,53188,5578,8238729,6088735,4202495,1886240,54070,539208,485138,2144378,86529,58490,1999359,1999359,390067,559052,1821,346138
2006-03-1,7,6.94,7.55,6.79,6.88,5.69,8.81,13.17,12.07,8.24,7.36,1994464,1631383,76155,1555228,1555228,315065,33228,69434,63872,5561,8238729,5888675,4196938,1691737,131224,331197,199973,2126369,96527,57677,1972165,1972165,352874,584380,2016,406970
2006-04-1,6.73,6.64,7.16,6.72,6.85,5.76,8.29,13.27,11.57,7.93,7.32,1908987,1570546,73315,1497231,1497231,273456,58792,45181,39599,5582,8238729,6143320,4198044,1945276,331562,76524,-255039,1681005,92558,45145,1543302,1543302,225687,534140,1951,426027
2006-05-1,6.53,6.39,7.09,6.5,6.56,5.95,7.99,14.41,11.61,7.63,6.89,1956520,1632139,76190,1555948,1555948,283263,67271,62557,56968,5589,8246629,6511653,4201709,2309943,419760,52343,-367417,1526297,95279,40665,1390353,1390353,160316,520100,2016,504409
2006-06-1,5.83,5.79,6.02,6,6.01,5.94,7.39,15.07,11.09,6.92,6.69,1938796,1614061,75346,1538715,1538715,286389,61705,65708,60110,5598,8246590,6831985,4215338,2616647,372977,61927,-311050,1550879,94355,41391,1415134,1415134,134267,508098,1951,629660
2006-07-1,5.95,5.92,6.12,6.02,6,5.95,7.4,15.72,10.98,6.78,6.69,1975235,1650313,77039,1573274,1573274,313374,57550,58874,53267,5607,8253590,6993053,4213841,2779211,304664,144082,-160582,1758733,96237,47255,1615241,1615241,121913,512194,2016,863531
2006-08-1,6.74,6.69,7.03,6.98,7.04,6.17,8.1,16.18,11.2,7.36,7.56,1989430,1656034,77306,1578728,1578728,312849,52122,54739,49099,5640,8253590,7181966,4212743,2969223,301606,112859,-188747,1751683,96815,47038,1607830,1607830,126396,530783,2016,840197
2006-09-1,5.83,5.71,6.72,5.9,5.82,6.22,7.68,15.71,11.16,7.21,6.27,1946109,1617442,75504,1541937,1541937,293510,40004,52583,48843,3740,8257030,7538548,4215370,3323178,394576,36976,-357600,1462070,94660,38844,1328565,1328565,133020,520351,1951,548321
2006-10-1,4.88,4.82,5.4,5.06,4.99,6.28,6.42,12.51,10.05,5.62,5.76,2025782,1675387,78209,1597178,1597178,297831,36185,58904,55708,3196,8286744,7669209,4216968,3452241,246184,115149,-131034,1644231,98383,43924,1501925,1501925,187618,544311,2016,527532
2006-11-1,7.24,7.21,7.42,7.21,7.26,6.45,8.47,12.45,11.05,7.74,7.48,1974331,1615322,75405,1539917,1539917,291883,47236,69688,64854,4834,8286744,7622511,4215859,3406652,158617,206204,47587,1765375,95560,47451,1622364,1622364,256210,554208,1951,396586
2006-12-1,7.6,7.57,7.81,7.57,7.64,6.44,8.66,12.53,11.61,8.23,7.57,2055955,1685065,78661,1606404,1606404,331964,51240,71923,67490,4433,8286744,7280906,4210950,3069956,99368,442868,343499,2122784,99566,57501,1965718,1965718,346668,579073,2016,414365
2007-01-1,6.5,6.52,6.38,6.58,6.62,6.08,7.88,12.17,11.18,7.36,7.08,2042882,1652470,76119,1576351,1576351,339699,53441,69221,64344,4878,8287550,6599227,4216333,2382895,56863,740117,683254,2475594,100343,67439,2306943,2306943,431711,621914,2094,448149
2007-02-1,7.39,7.37,7.54,7.35,7.49,5.91,8.57,12.13,11.22,8.25,8.18,1878003,1513461,69716,1443745,1443745,328773,44101,56539,51522,5017,8282150,5867298,4215728,1651569,50536,782391,731856,2566993,91902,70273,2403778,2403778,477253,599687,1891,425485
2007-03-1,7.45,7.43,7.53,7.33,7.42,5.85,8.79,12.81,11.79,8.42,7.64,2094555,1703085,78451,1624634,1624634,314931,86848,77036,72282,4753,8317150,5849891,4246889,1603002,219347,269760,50413,2128845,103417,57526,1967388,1967388,354274,578474,2094,416015
2007-04-1,7.24,7.24,7.22,7.41,7.53,5.86,8.2,13.31,11.5,8.14,7.77,1994942,1626673,74931,1551743,1551743,288095,98742,50736,47227,3509,8311750,5968611,4245870,1722741,273492,153774,-119718,1810079,98777,48595,1662412,1662412,259849,539684,2026,453144
2007-05-1,7.45,7.42,7.52,7.47,7.58,5.65,8.41,14.69,11.51,8.11,7.96,2066642,1722549,79347,1643202,1643202,285893,94319,62477,58901,3577,8327850,6431710,4250470,2181239,497741,38201,-459540,1559080,104599,41342,1414428,1414428,168349,521172,2094,507089
2007-06-1,7.32,7.3,7.41,7.31,7.41,5.73,8.45,16.28,11.81,7.92,7.8,2019862,1666465,76764,1589702,1589702,294883,86587,57309,53960,3349,8327850,6813786,4231002,2582784,436633,47166,-389468,1555226,101193,41310,1413254,1413254,134769,510823,2026,628467
2007-07-1,6.56,6.45,6.92,6.47,6.51,5.87,8.02,16.71,11.63,7.51,7.03,2053286,1703237,78458,1624779,1624779,320231,98344,70660,66412,4247,8323150,7123259,4227004,2896255,397159,83554,-313605,1659882,103426,44231,1513157,1513157,122408,510518,2094,760521
2007-08-1,6,5.92,6.29,6.1,6.1,6.06,7.6,16.71,11.19,6.72,6.83,2076235,1712771,78897,1633875,1633875,339062,87471,61870,57554,4316,8342350,7250170,4229371,3020799,293738,167095,-126643,1896137,104005,50914,1741755,1741755,127081,531132,2094,969433
2007-09-1,5.49,5.46,5.71,5.83,5.81,6.14,7,16.03,10.92,6.28,6.33,2040241,1674745,77145,1597600,1597600,319730,41654,65077,61468,3609,8384470,7548786,4233352,3315434,371266,73075,-298191,1590484,101696,42286,1446674,1446674,127320,517561,2026,683327
2007-10-1,6.35,6.31,6.84,6.61,6.45,9.34,7.43,14.57,10.93,7.06,7,2122193,1733373,79846,1653527,1653527,315286,31939,63576,59996,3580,8377174,7803634,4238254,3565380,331895,75355,-256539,1627791,105256,43236,1479110,1479110,157691,540961,2094,604092
2007-11-1,7.21,7.15,7.88,7.05,7.08,6.33,8.14,13.04,11.23,7.87,7.28,2098602,1712314,78876,1633438,1633438,314068,26539,86458,83249,3209,8366562,7680213,4238181,3442033,140775,262091,121316,1834529,103977,49140,1681149,1681149,257247,568218,2026,448180
2007-12-1,7.51,7.49,7.86,7.36,7.41,6.28,8.27,12.34,11.24,8.18,7.93,2176213,1775203,81773,1693431,1693431,376118,20826,101495,97055,4441,8369024,7113475,4234216,2879259,63475,632434,568959,2399154,107796,65072,2225994,2225994,394952,614573,2094,497505
2008-01-1,7.66,7.57,8.42,7.7,7.73,6.6,8.37,12.24,11.2,8.29,8.52,2155041,1765447,79730,1685717,1685717,361237,28414,109302,106460,2842,8361892,6288037,4232156,2055881,67359,890978,823619,2733970,101995,77313,2554281,2554281,477148,659829,2201,531460
2008-02-1,8.34,8.24,9.37,8.36,8.4,6.9,8.91,12.58,11.49,8.96,8.87,2043801,1666095,75243,1590851,1590851,326061,23599,99374,96635,2738,8361892,5686255,4221565,1464690,55775,648340,592564,2503421,96255,70698,2335770,2335770,458833,617738,2059,438868
2008-03-1,9.03,8.98,9.41,9.33,9.4,7.09,9.49,13.13,12.03,9.61,9.53,2204088,1804065,81474,1722591,1722591,343104,23707,100351,97418,2933,8361892,5486589,4220523,1266066,130513,349985,219472,2278151,104226,63850,2109623,2109623,380467,609930,2201,460763
2008-04-1,9.61,9.55,9.85,9.94,10.05,7.09,9.84,14.49,12.63,10.03,10.19,2112605,1740229,78591,1661637,1661637,289904,32218,74343,71478,2865,8366460,5658650,4222248,1436402,295897,105508,-190388,1823867,100538,50623,1672724,1672724,255171,557357,2130,469607
2008-05-1,10.8,10.68,11.33,10.93,11.13,7.21,11.05,16.33,13.51,11.35,10.97,2153316,1797917,81197,1716720,1716720,265557,31597,68981,65493,3489,8369877,6064975,4225431,1839543,460684,56029,-404655,1576387,103871,43282,1430242,1430242,179744,542602,2201,475467
2008-06-1,11.71,11.57,12.34,11.58,11.86,7.38,11.85,18.91,14.68,12.11,12.41,2118791,1760998,79529,1681469,1681469,253846,33073,61702,57847,3855,8369877,6407107,4229559,2177548,422926,80529,-342397,1604249,101738,44156,1459015,1459015,133735,513401,2130,665436
2008-07-1,11.78,11.6,12.99,11.9,12.16,7.49,12.48,20.77,15.64,13.06,11.71,2205260,1852724,83672,1769052,1769052,291791,31019,63345,59730,3615,8369877,6745390,4228367,2517023,430005,88366,-341639,1708641,107037,47092,1556011,1556011,127749,525607,2201,782039
2008-08-1,8.67,8.46,10.25,8.69,8.74,7.97,10.2,20.17,14.19,10.1,8.97,2193566,1826392,82483,1743909,1743909,293283,35380,67157,62163,4994,8369877,7093832,4227668,2866164,442234,92221,-350013,1682924,105516,46361,1531863,1531863,126688,528741,2201,762946
2008-09-1,7.54,7.34,9.06,7.45,7.38,8.56,8.99,18.41,13.12,9.13,7.81,1919520,1559028,70408,1488620,1488620,282101,31767,55330,52197,3133,8369877,7390883,4229964,3160918,398325,97945,-300380,1460924,90069,40239,1329726,1329726,129153,477778,2130,602565
2008-10-1,6.87,6.68,9.16,6.54,6.44,8.72,7.8,15.45,12.06,8.1,6.74,2153389,1754251,79225,1675027,1675027,293914,27415,66843,63897,2946,8396577,7634355,4234974,3399381,333892,91443,-242449,1635827,101348,45052,1488645,1488645,185477,537665,2201,545244
2008-11-1,6.54,6.46,8.09,6.28,6.19,8.87,7.93,13.8,11.72,7.34,6.64,2149851,1757942,79391,1678551,1678551,297452,22802,90432,87288,3144,8446906,7577456,4231545,3345911,193236,250495,57258,1868947,101561,51903,1714971,1714971,275603,546277,2130,457591
2008-12-1,6.74,6.6,8.86,6.59,6.55,8.27,8.16,12.84,11.61,7.86,6.9,2227028,1826966,82508,1744458,1744458,334154,30708,106101,103438,2663,8446906,7072657,4232293,2840363,109519,622499,512979,2399702,105549,67386,2226478,2226478,422761,553255,2201,476394
2009-01-1,6.18,6.07,7.63,5.98,5.96,7.54,7.97,12.49,11.28,7.5,6.62,2251938,1870465,88485,1781981,1781981,329817,26932,112989,111138,1851,8455906,6370028,4236795,2133233,78234,783292,705058,2729715,110186,81144,2538368,2538368,517891,582995,2315,487426
2009-02-1,5.21,5.07,6.82,4.92,4.9,6,7.26,12.26,10.98,6.43,5.62,2074167,1704919,80653,1624266,1624266,293657,27865,103196,100433,2763,8455906,6000888,4242866,1758022,99949,471513,371564,2332539,100434,69119,2162215,2162215,426622,523688,2091,453472
2009-03-1,4.34,4.13,6.34,4.29,4.23,6.42,6.85,11.98,10.46,5.69,4.92,2262488,1875053,88702,1786352,1786352,293580,31585,103699,100759,2940,8455906,5907540,4247894,1659646,201681,294397,92806,2170709,110456,63814,1996245,1996245,358253,535671,2315,499678
2009-04-1,3.67,3.57,4.2,3.88,3.79,7.33,5.71,11.68,9.7,5.05,4.7,2147856,1783234,84358,1698876,1698876,265807,56041,80016,78099,1917,8475379,6165074,4255159,1909916,356454,105648,-250807,1741293,105047,50684,1585512,1585512,249120,492412,2241,451395
2009-05-1,3.48,3.4,3.88,3.85,3.76,7.2,5.49,12.86,9.42,4.4,4.7,2190437,1843327,87201,1756127,1756127,217001,48792,77072,75158,1914,8500806,6632164,4257355,2374809,512359,45384,-466975,1504000,108587,43256,1353150,1353150,166233,467679,2315,515476
2009-06-1,3.51,3.43,3.89,3.9,3.79,7.65,5.55,14.26,9.53,4.56,4.62,2140519,1791993,84772,1707221,1707221,231217,50754,66259,64344,1915,8460168,7028031,4267898,2760133,448064,62430,-385634,1527833,105563,44075,1378772,1378772,133503,459110,2241,642797
2009-07-1,3.5,3.39,4.21,3.97,3.75,8,5.7,15.27,9.74,4.68,4.47,2170032,1827798,86466,1741332,1741332,272463,44252,76273,72436,3837,8500806,7353504,4263199,3090305,420802,82604,-338198,1657997,107672,48056,1503321,1503321,128095,476270,2315,778017
2009-08-1,3.29,3.22,3.94,3.58,3.46,8.36,5.61,15.61,9.52,4.38,4.3,2192597,1842284,87151,1755132,1755132,302255,34593,78755,76830,1925,8500806,7626392,4267274,3359118,362273,87907,-274367,1736462,108525,50455,1578354,1578354,128831,495412,2315,840317
2009-09-1,2.91,2.86,3.35,3.43,3.1,10.2,5.37,14.8,9.35,3.89,4.02,2089220,1733980,82028,1651952,1651952,274840,32186,83786,79940,3845,8511506,7921596,4275618,3645978,351897,56736,-295161,1574975,102145,45621,1427135,1427135,131405,483796,2241,690011
2009-10-1,3.92,3.91,3.95,4.29,4.12,10.97,5.65,11.78,8.93,4.82,5.04,2197157,1814913,85857,1729056,1729056,246067,27057,78092,76165,1927,8511506,8091168,4281301,3809867,266173,98787,-167386,1666520,106913,48298,1510867,1510867,198631,521880,2315,537013
2009-11-1,4.4,4.42,4.25,4.53,4.4,10.69,6.34,11.48,9.45,5.44,5.06,2144157,1757520,83142,1674378,1674378,258186,36731,96892,94961,1931,8521506,8124989,4287564,3837424,173011,139546,-33465,1776171,103532,51782,1619852,1619852,251343,532696,2241,457085
2009-12-1,5.23,5.3,4.63,5.63,5.42,9.18,6.22,10.42,9.1,5.97,6.24,2196325,1802449,85267,1717182,1717182,314512,35170,115328,108739,6589,8655740,7406742,4276666,3130076,44093,737937,693844,2491864,106179,73871,2310875,2310875,428665,595763,2315,519846
2010-01-1,5.95,5.98,5.78,6.35,6.24,11.68,6.84,10.56,9.65,6.93,6.98,2210163,1824143,86910,1737233,1737233,328175,56410,93570,91632,1939,8655740,6579900,4276043,2303858,62623,873468,810845,2809788,105622,79950,2624217,2624217,499107,644259,2434,545811
2010-02-1,5.62,5.63,5.74,5.87,5.74,7.97,6.64,10.69,9.71,6.76,6.27,2047815,1682869,80179,1602690,1602690,278308,45816,87820,82732,5088,8655740,5960953,4277619,1683334,37714,657184,619470,2480950,97743,70460,2312746,2312746,440859,595295,2199,479615
2010-03-1,4.87,4.91,4.87,5.1,4.95,12.36,6.5,10.99,9.7,6.01,5.47,2276546,1864519,88833,1775686,1775686,281677,37092,99574,97639,1935,8655740,5929914,4277501,1652413,206713,237569,30856,2142925,108557,60147,1974222,1974222,337183,598498,2434,456864
2010-04-1,4.13,4.13,4.25,4.76,4.36,12.21,5.88,11.97,9.57,5.12,4.91,2190270,1813312,86394,1726918,1726918,256909,41555,75938,72086,3852,8655740,6289473,4278372,2011101,427432,67931,-359501,1691813,104763,46922,1540128,1540128,215375,537745,2356,471481
2010-05-1,4.13,4.1,4.24,4.68,4.51,11.94,5.81,13.12,9.5,5.08,4.96,2236507,1886476,89880,1796596,1796596,260993,36808,85725,83795,1930,8660980,6698983,4279323,2419660,462812,52524,-410288,1617274,107550,44635,1465089,1465089,161154,544323,2434,559665
2010-06-1,4.23,4.21,4.2,4.98,4.79,8.27,6.02,14.86,9.72,5.04,5.31,2138770,1802492,85878,1716613,1716613,249738,32521,90040,85009,5031,8660980,7026700,4286643,2740056,384815,63577,-321238,1649515,102824,45728,1500962,1500962,129712,529191,2356,705665
2010-07-1,4.4,4.33,4.8,5.25,4.9,12.83,6.31,16.21,10.04,5.49,5.34,2208753,1896082,90337,1805745,1805745,292383,36271,85851,82009,3842,8660980,7253018,4287238,2965780,339158,112493,-226665,1825828,106759,50825,1668244,1668244,120183,537138,2434,897182
2010-08-1,4.13,4.04,4.93,4.89,4.69,13.19,6.22,16.65,9.94,5.37,5.06,2235038,1917995,91381,1826614,1826614,283321,21580,84164,82235,1928,8671590,7442861,4290100,3152761,323214,137433,-185781,1878926,108019,52357,1718550,1718550,126673,539366,2434,943002
2010-09-1,3.76,3.65,4.6,4.64,4.16,9.85,5.72,15.63,9.56,4.61,4.61,2238147,1861038,88668,1772370,1772370,252926,28592,79475,72811,6664,8691908,7801450,4293804,3507646,410927,52326,-358602,1637491,107186,45244,1485061,1485061,132944,535739,2356,696723
2010-10-1,3.83,3.72,4.78,4.41,3.99,9.04,5.7,13.37,9.27,4.73,4.45,2356947,1956114,93197,1862916,1862916,260680,34064,95974,88069,7906,8691908,8155699,4305058,3850641,407472,52156,-355316,1664938,112815,45889,1506234,1506234,185337,546520,2434,570363
2010-11-1,3.96,3.85,5.09,4.42,4.1,8.18,5.48,10.89,8.86,4.6,4.55,2276710,1892658,90174,1802484,1802484,241582,31583,123537,113969,9567,8691908,8078136,4309231,3768905,162517,236543,74025,1973294,109026,55118,1809151,1809151,286696,576758,2356,496539
2010-12-1,4.56,4.51,5.41,5.01,4.57,8.5,5.74,9.98,8.82,5.5,5.68,2400418,1984174,94534,1889640,1889640,323054,28718,135121,120010,15111,8709914,7412447,4301362,3111085,65997,731181,665184,2714054,114763,76849,2522442,2522442,467371,641361,2434,564274
2011-01-1,4.66,4.55,5.56,5.11,4.74,8.2,5.69,9.9,8.74,5.66,5.66,2299298,1952732,92165,1860566,1860566,331655,40264,135721,121333,14388,8709914,6608635,4302792,2305843,50130,849115,798985,2888640,106975,82626,2699039,2699039,527999,658927,2546,539792
2011-02-1,4.49,4.43,4.99,4.79,4.58,9.71,5.75,10.14,8.88,5.77,5.29,2104330,1728929,81602,1647326,1647326,279147,32006,125014,119966,5049,8709914,6024215,4302341,1721875,81827,666248,584421,2452403,96973,69965,2285465,2285465,431732,599754,2299,483686
2011-03-1,4.24,4.1,5.35,4.52,4.31,10.28,5.73,10.43,8.89,5.21,4.84,2410884,2002359,94508,1907851,1907851,276870,38538,144360,139347,5013,8709914,5879115,4302108,1577007,167632,313952,146319,2230493,111445,62944,2056105,2056105,360938,615767,2546,481926
2011-04-1,4.35,4.21,5.42,4.78,4.55,8.25,5.62,11.27,9.02,5.34,5.03,2349720,1960847,92549,1868299,1868299,244811,33125,126374,118630,7743,8709914,6092050,4303570,1788480,312290,100096,-212194,1825023,108766,50979,1665278,1665278,232006,568804,2464,521453
2011-05-1,4.31,4.26,4.63,4.88,4.62,8.62,5.8,12.5,9.35,5.21,5.04,2410866,2030695,95845,1934850,1934850,236032,35220,131797,123355,8442,8720384,6491219,4304364,2186855,457725,58314,-399411,1667396,111897,46204,1509295,1509295,166250,563102,2546,571998
2011-06-1,4.6,4.37,6.66,4.83,4.71,11.6,6.12,14.7,9.57,5.21,5.2,2312943,1954453,92247,1862207,1862207,239270,27347,119470,117541,1929,8720384,6831426,4301779,2529647,420644,80472,-340172,1657334,107452,46037,1503845,1503845,133856,535440,2464,699414
2011-07-1,4.39,4.3,5.5,4.82,4.64,12.72,6.16,16.14,9.58,5.05,5.13,2340293,2032795,95944,1936850,1936850,273250,20226,113280,110687,2593,8720384,7075486,4300139,2775346,359267,115649,-243618,1890515,109606,52900,1728010,1728010,130147,542556,2546,938575
2011-08-1,4.4,4.09,6.99,4.63,4.51,11.6,6.19,16.67,9.77,5.21,4.85,2370440,2056617,97069,1959548,1959548,250028,30256,111404,109478,1926,8720384,7319424,4300269,3019155,370180,125989,-244191,1891783,110980,52896,1727907,1727907,137962,553670,2546,921449
2011-09-1,3.92,3.87,4.48,4.87,4.19,12.76,5.94,15.63,9.46,4.84,4.71,2358169,1987134,93789,1893345,1893345,231467,20380,126744,116779,9965,8720384,7716989,4301291,3415698,453548,55418,-398130,1655634,109465,45927,1500242,1500242,141634,549196,2464,684198
2011-10-1,4.06,3.66,7.41,4.14,3.92,12.54,5.45,12.85,8.94,4.71,4.49,2502387,2118735,100000,2018734,2018734,251450,30709,109513,106643,2870,8775468,8105566,4301737,3803828,436748,51527,-385221,1744454,116320,48362,1579772,1579772,206142,570646,2546,574932
2011-11-1,3.58,3.55,4.2,4.24,3.8,15.29,5.29,10.78,8.62,4.64,4.26,2475947,2076152,97991,1978161,1978161,233640,15268,127599,122730,4869,8775595,8142609,4299727,3842882,221389,183799,-37590,2031872,114768,56945,1860159,1860159,286449,594199,2464,542546
2011-12-1,3.66,3.49,5.57,4.08,3.73,12.83,5.03,9.83,8.3,4.59,4.18,2543747,2134904,100764,2034141,2034141,272133,25600,134374,129159,5215,8775595,7763772,4301752,3462021,90432,473674,383241,2541878,117941,72000,2351937,2351937,400205,642060,2546,613894
2012-01-1,3.27,3.22,4.25,3.66,3.25,11.83,4.85,9.62,8.04,4.58,3.82,2571350,2152698,106430,2046268,2046268,265323,15808,130464,124265,6199,8842950,7219136,4309129,2910007,74854,619332,544477,2756180,118883,79832,2557465,2557465,445861,665876,2538,648823
2012-02-1,2.86,2.75,4.3,3.06,2.93,11.3,4.73,9.47,7.76,4.19,3.46,2360061,1974431,97616,1876815,1876815,249762,20144,130175,128295,1880,8854720,6758315,4309505,2448810,56243,515817,459574,2500654,109038,72395,2319221,2319221,387045,623215,2375,644530
2012-03-1,2.36,2.31,2.95,2.74,2.59,10.67,4.84,10.41,8.16,3.71,3.09,2524260,2118693,104749,2013944,2013944,245881,19271,141164,138549,2615,8854720,6794584,4321454,2473130,240351,205365,-34987,2127761,117005,60866,1949890,1949890,261564,608538,2538,674099
2012-04-1,2.04,2.01,2.96,2.28,2.28,8.54,4.19,10.94,8.04,3.21,2.81,2417498,2044519,101082,1943437,1943437,235466,7552,123150,123132,18,8882728,6936421,4325195,2611226,263896,126403,-137493,1953071,112909,55702,1784460,1784460,208940,579515,2457,714338
2012-05-1,2.29,2.15,4.37,2.79,2.5,16.1,4.3,12.61,8.14,3.02,3.05,2490707,2121367,104881,2016486,2016486,242811,16212,132979,130168,2811,8905843,7219444,4332383,2887060,357965,73735,-284231,1873835,117153,53175,1703507,1703507,149137,576282,2538,812467
2012-06-1,2.35,2.33,3.1,2.93,2.65,17.55,4.63,14.18,8.44,3.34,3.21,2376776,2039909,100854,1939055,1939055,251476,8256,125140,122741,2399,8919139,7453546,4338100,3115447,323026,90800,-232226,1868356,112654,53145,1702557,1702557,131071,565812,2457,879881
2012-07-1,2.78,2.64,5.15,3.05,3.05,8.49,4.88,15.13,8.52,3.6,3.54,2465064,2162384,106909,2055476,2055476,265808,15358,118367,118355,12,8922097,7588106,4342905,3245201,263910,129567,-134343,2069773,119418,59038,1891318,1891318,124496,575079,2538,1081688
2012-08-1,2.83,2.74,4.02,3.35,3.14,15.15,5.13,15.82,8.71,3.83,3.61,2373954,2151742,106383,2045359,2045359,262250,19100,139248,136793,2455,8940010,7753994,4347859,3406134,299798,133919,-165879,2008815,118830,57210,1832775,1832775,133475,587219,2538,1003938
2012-09-1,2.67,2.65,3.17,3,3,8.4,4.76,14.72,8.35,3.56,3.54,2410375,2094289,103542,1990747,1990747,246489,11501,137374,137362,12,8979317,8044851,4351797,3693053,357109,66652,-290456,1807208,115658,51204,1640347,1640347,141657,575034,2457,802588
2012-10-1,3.16,3.16,3.18,3.71,3.46,11.57,4.65,11.68,8.07,3.94,4,2557140,2168774,107225,2061550,2061550,243051,10351,139930,135559,4371,8991571,8294299,4365049,3929250,327767,85918,-241849,1901084,119771,53921,1727393,1727393,212768,602786,2538,669195
2012-11-1,4.03,3.83,7.21,3.96,3.96,8.86,4.79,9.99,7.99,4.46,4.43,2471365,2101833,103915,1997917,1997917,219643,14210,142299,142292,7,8990535,8171574,4372359,3799215,155554,280933,125379,2167841,116074,62107,1989660,1989660,308076,617247,2457,579745
2012-12-1,3.93,3.84,5.22,4.15,3.88,11.76,4.79,9.8,8.18,4.73,4.35,2523763,2152640,106427,2046213,2046213,235180,16886,158538,153018,5520,8992535,7785322,4372412,3412910,104953,489707,384754,2503907,118880,72195,2312832,2312832,390835,649613,2538,599502
2013-01-1,4.14,3.95,7.86,3.9,3.9,10.11,4.52,9.15,7.75,4.58,4.56,2512031,2136400,113389,2023011,2023011,264580,13497,154442,154430,13,8991375,7076700,4377473,2699227,71973,793280,721307,2878785,123951,93018,2661816,2661816,478984,676303,2552,631685
2013-02-1,3.99,3.97,4.47,3.84,3.84,10.85,4.56,9.23,7.78,4.54,4.59,2269907,1935275,102714,1832561,1832561,225497,11378,133003,132981,22,9054872,6483370,4384016,2099354,44113,648024,603910,2567155,112282,82890,2371983,2371983,429014,622193,2305,568388
2013-03-1,3.84,3.8,5.03,4.05,4.05,10.02,4.75,9.35,7.77,4.59,4.5,2504000,2136856,113413,2023443,2023443,239999,8292,148544,148521,23,9069793,6102195,4382350,1719845,102520,482543,380023,2521108,123977,80940,2316191,2316191,393457,654009,2552,603910
2013-04-1,3.98,3.96,4.9,4.43,4.43,11.36,5.16,10.43,8.15,4.95,4.84,2446307,2094623,111172,1983451,1983451,215438,5171,125771,125749,21,9072508,6236406,4381218,1855188,272168,135335,-136833,1967458,121527,62329,1783603,1783603,249295,600591,2469,564827
2013-05-1,3.94,3.93,4.51,4.38,4.37,12.84,5.55,12.61,8.71,5,4.79,2488677,2157048,114485,2042563,2042563,228558,5626,142071,142032,15,9104181,6654641,4385077,2269564,467693,48824,-418868,1752469,125149,54947,1572373,1572373,168850,592942,2552,614808
2013-06-1,3.9,3.73,8.65,4.22,4.22,13.38,5.74,15.02,9.07,4.9,4.56,2385386,2084393,110629,1973764,1973764,228644,8046,133808,133778,12,9111242,7027246,4384597,2642648,440521,68653,-371868,1742917,120934,54767,1567216,1567216,136047,563890,2469,737150
2013-07-1,3.41,3.37,4.59,3.94,3.93,12.89,5.51,16.3,9.04,4.47,4.34,2512441,2196404,116574,2079830,2079830,228087,8111,128612,128589,8,9117296,7302175,4365315,2936860,373448,98733,-274716,1926330,127432,60741,1738157,1738157,135057,577915,2552,911124
2013-08-1,3.17,3.01,7.42,3.75,3.75,13.25,5.24,16.43,9.04,4.31,4.03,2495089,2191677,116323,2075354,2075354,227439,8809,130324,130312,9,9132250,7574293,4362286,3212006,373634,101608,-272026,1927379,127158,60785,1739436,1739436,137019,591603,2552,900530
2013-09-1,3.49,3.01,9.96,3.88,3.88,13.53,5.21,15.69,8.8,4.36,4.22,2414405,2115463,112278,2003186,2003186,226931,16950,122421,122410,12,9171017,7927601,4363096,3564505,420833,66306,-354527,1766973,122736,55518,1588718,1588718,141926,575038,2469,751482
2013-10-1,3.4,3.34,5.79,3.88,3.88,13.09,4.88,12.38,8.28,4.36,4.26,2513172,2192600,116372,2076228,2076228,214871,5559,122406,122381,16,9177333,8181397,4364401,3816996,339984,84363,-255621,1866762,127212,58737,1680814,1680814,206671,611884,2552,637038
2013-11-1,3.77,3.76,4.62,4.15,3.92,13.45,4.78,10.04,7.94,4.62,4.36,2455169,2143606,113771,2029834,2029834,216001,2692,113682,110912,2747,9174454,7970919,4365582,3605337,155030,365862,210832,2316909,124369,74032,2118508,2118508,345132,652358,2469,601019
2013-12-1,4.75,4.71,8.75,4.56,4.56,12.69,4.93,9.14,7.81,4.97,5.11,2525967,2177887,115591,2062296,2062296,270453,2728,117329,117281,26,9172951,7255027,4365135,2889892,93744,807979,714235,2920826,126358,94357,2700111,2700111,473848,706724,2552,668792
2014-01-1,7.15,6.94,7.13,5.82,5.81,13.7,5.56,9.26,8.11,5.69,7.46,2580019,2198795,128592,2070203,2070203,286787,8536,134807,134746,29,9164902,6288361,4363439,1924922,68300,1038870,970569,3204129,120915,86069,2997145,2997145,571744,722327,2997,662881
2014-02-1,9.11,8.91,10.99,9.56,9.44,15.49,6.41,9.77,8.69,6.63,7.8,2356978,2033039,118898,1914141,1914141,241571,3824,138550,135827,2694,9163822,5560214,4360226,1199987,104374,832536,728162,2741240,111800,73402,2556038,2556038,490105,659190,2707,551109
2014-03-1,8.12,8.02,8.47,8.2,8.2,14.31,6.57,10.7,9.35,6.47,6.29,2623914,2267138,132589,2134549,2134549,231458,2701,149508,149455,28,9164454,5207298,4349988,857311,134059,487513,353454,2557890,124673,67924,2365293,2365293,420934,680634,2997,560808
2014-04-1,5.11,4.66,17.34,4.93,4.93,13.23,5.64,11.76,9.49,5.85,5.25,2583873,2247677,131451,2116226,2116226,197634,3006,121928,121877,25,9164503,5423037,4356657,1066380,322912,105471,-217441,1961678,123603,51310,1786764,1786764,251038,627785,2900,548899
2014-05-1,4.6,4.5,5.99,5.01,4.82,15.78,5.9,13.6,9.7,5.74,5.09,2633253,2310058,135099,2174959,2174959,203841,2806,114105,112175,1907,9176530,5900837,4352892,1547944,528763,51122,-477641,1810222,127034,46987,1636202,1636202,176753,606067,2997,646929
2014-06-1,5.32,4.52,10.48,4.81,4.81,12.58,6.05,16.13,9.94,5.46,4.99,2560033,2247082,131416,2115666,2115666,191829,9800,119864,119828,17,9185140,6363623,4358148,2005475,506389,43752,-462637,1745351,123570,45272,1576508,1576508,141451,585811,2900,720750
2014-07-1,4.77,4.16,11.8,4.74,4.48,16.01,5.99,17.23,10.06,5.43,4.58,2629156,2371359,138684,2232675,2232675,194850,6305,127301,124462,2827,9202391,6761254,4361280,2399974,462998,63495,-399503,1881017,130405,48869,1701744,1701744,137609,605051,2997,843303
2014-08-1,3.87,3.8,6.56,4.38,4.09,16.01,5.49,17.41,9.67,4.96,4.25,2644937,2384273,139439,2244834,2244834,204968,1567,115376,112513,2863,9210234,7134689,4366291,2768398,446869,73368,-373501,1933061,131115,50302,1751644,1751644,137122,608533,2997,897806
2014-09-1,4.24,3.85,8.73,4.41,4.13,15.74,5.51,16.27,9.39,5.02,4.34,2625503,2306544,134893,2171651,2171651,195856,5745,119891,116987,2904,9206625,7556106,4369090,3187016,468602,47070,-421532,1809291,126840,46966,1635485,1635485,148913,590989,2900,770947
2014-10-1,3.87,3.69,4.63,4.37,4.09,15.1,5.16,13.11,8.97,5.03,4.23,2735719,2407070,140772,2266298,2266298,213858,6973,115069,112156,2904,9209906,7954588,4367318,3587270,452353,52054,-400299,1912810,132368,49702,1730740,1730740,202359,609917,2997,703390
2014-11-1,3.97,3.97,6.5,4.44,4.44,12.17,4.91,10.19,8.29,5.02,4.68,2661917,2314517,135360,2179157,2179157,227457,0,120861,120814,27,9233469,7794338,4367469,3426869,200392,361403,161011,2357521,127279,62258,2167984,2167984,361530,659624,2900,600392
2014-12-1,4.44,4.1,7.45,4.25,4.24,13.5,5.15,10.01,8.53,5.62,4.5,2770080,2410202,140956,2269247,2269247,245694,8011,136982,136932,28,9233352,7506012,4364790,3141222,142813,429214,286401,2679165,132541,71090,2475535,2475535,426751,690112,2997,638769
2015-01-1,4.75,4.01,10.9,3.78,3.51,17.39,4.48,9.5,8.15,4.9,4.31,2790052,2420352,143561,2276791,2276791,267751,11616,144522,141663,2832,9233142,6775582,4368461,2407122,69913,795057,725144,3114982,132608,78800,2903574,2903574,532631,718319,3345,711324
2015-02-1,5.46,4.82,9.13,3.98,3.81,12.87,4.57,9.08,7.81,4.74,5.02,2520509,2196987,130312,2066675,2066675,241996,12202,144955,142190,2748,9232328,6033940,4368391,1665549,61773,803302,741529,2925172,120370,74108,2730693,2730693,517341,659623,3022,648343
2015-03-1,3.9,3.16,8.1,3.41,3.4,11.1,4.35,9.28,7.85,4.46,3.71,2827524,2443119,144911,2298208,2298208,242585,14651,163967,163925,23,9233042,5840840,4369363,1471476,182080,375546,193465,2591329,133856,64931,2392542,2392542,385772,661612,3345,708731
2015-04-1,2.59,2.39,8.31,2.83,2.83,10.53,3.93,10.43,8.03,3.96,3.24,2758730,2398440,142261,2256179,2256179,202209,2883,130328,130283,24,9233098,6162227,4369141,1793086,404938,83652,-321286,2007922,131408,49581,1826933,1826933,232201,607933,3238,664276
2015-05-1,2.52,2.44,6.04,2.95,2.85,7.53,4.25,12.73,8.13,3.58,3.28,2790849,2442713,144887,2297826,2297826,202623,1707,134274,131477,2769,9231002,6658247,4371009,2287238,540872,44445,-496427,1858149,133834,45560,1678755,1678755,160511,602843,3345,734486
2015-06-1,2.56,2.43,6.29,3.01,2.91,7.82,4.44,15.07,8.52,3.76,3.25,2660158,2358416,139887,2218529,2218529,203656,2598,138179,135382,2774,9230773,7021808,4375275,2646533,430014,68449,-361564,1899906,129215,46785,1723906,1723906,135446,574682,3238,886475
2015-07-1,2.66,2.44,4.53,3.06,2.96,8.1,4.65,16.28,8.49,3.74,3.23,2756222,2444753,145008,2299745,2299745,209779,7173,143820,141027,2771,9230773,7304710,4380283,2924427,378806,94665,-284140,2067714,133945,51094,1882675,1882675,133728,591900,3345,1045542
2015-08-1,2.74,2.51,3.45,3.09,2.99,7.91,4.59,16.88,8.46,3.79,3.23,2744748,2447534,145173,2302361,2302361,202649,11205,144885,142117,2763,9221773,7614026,4372395,3241632,394156,84994,-309162,2052728,134098,50694,1867936,1867936,135279,599867,3345,1026590
2015-09-1,2.75,2.49,6.03,2.92,2.84,7.17,4.56,16.4,8.43,3.65,3.2,2721449,2383531,141377,2242155,2242155,203150,5654,162573,159806,2767,9226605,7987290,4373209,3614081,435394,63374,-372021,1901337,130591,46786,1723960,1723960,138126,579061,3238,895044
2015-10-1,3.23,2.37,12.38,2.73,2.66,6.53,4,12.6,7.79,3.54,3.04,2806078,2445042,145025,2300017,2300017,217576,8689,158517,155744,2769,9227679,8316026,4373747,3942279,400879,70047,-330832,1987310,133961,48969,1804380,1804380,194961,612994,3345,791541
2015-11-1,2.4,2.19,4.2,2.63,2.36,16.67,3.69,10.02,7.39,3.28,2.78,2726220,2356237,139758,2216479,2216479,210704,7515,155739,152750,2969,9228511,8303177,4376354,3926822,201289,213595,12306,2249140,129096,56016,2064029,2064029,283231,638537,3238,732413
2015-12-1,2.28,2.13,4.02,2.57,2.3,15.95,3.75,9.27,7.23,3.48,2.72,2812110,2434920,144425,2290495,2290495,221613,5618,161754,158555,3172,9230840,8038172,4371540,3666632,138226,402564,264337,2588168,133407,64859,2389902,2389902,352506,674532,3345,768606
2016-01-1,2.8,2.42,5.48,2.54,2.54,10.74,3.39,8.28,6.75,3.62,3.18,2823104,2435375,155035,2280340,2280340,261521,12048,168521,168470,26,9225127,7307245,4369156,2938089,66038,794704,728666,3091695,132516,78465,2880714,2880714,503093,721171,3560,773954
2016-02-1,2.43,2.12,5.12,2.28,2.26,3.59,3.48,8.36,6.86,3.58,2.83,2653842,2310521,147087,2163435,2163435,242019,9728,162757,159426,3309,9235132,6903611,4369319,2534293,111437,514528,403091,2652260,125722,66993,2459545,2459545,413548,662790,3330,689800
2016-03-1,1.73,1.55,3.29,2.04,1.93,4.01,3.49,9.19,7.08,3.02,2.33,2824983,2441976,155455,2286521,2286521,232164,8568,194915,184816,10078,9228893,6846761,4360438,2486323,215369,263952,48583,2356298,132875,58956,2164467,2164467,298447,662694,3560,744765
2016-04-1,1.61,1.51,3.3,2.15,2.04,3.96,3.22,9.65,6.98,3,2.52,2678610,2361554,150335,2211218,2211218,236522,4767,177853,167789,10036,9232305,7009450,4363889,2645560,294423,129944,-164479,2083848,128499,51848,1903501,1903501,233059,620045,3445,718893
2016-05-1,1.55,1.44,3.45,2.15,2.03,4.21,3.44,11.62,7.32,2.9,2.49,2767844,2412475,153577,2258898,2258898,243088,5200,188274,178375,9874,9232937,7332475,4366209,2966266,402385,73834,-328551,1965799,131270,48644,1785885,1785885,171297,612675,3560,804431
2016-06-1,1.9,1.76,3.18,2.6,2.39,4.72,3.84,14.43,7.72,2.89,2.77,2628164,2312288,147199,2165089,2165089,234229,7638,183013,166551,16445,9237209,7554670,4368637,3186033,316418,94090,-222328,2000656,125818,49713,1825125,1825125,138340,590392,3445,970308
2016-07-1,2.35,2.26,3.21,3.02,2.78,5.63,4.42,16.56,8.14,3.57,3.07,2721210,2408915,153350,2255564,2255564,259224,5773,188682,172923,15739,9236021,7686988,4368849,3318139,283189,150122,-133067,2186616,131076,54504,2001036,2001036,134609,616480,3560,1139968
2016-08-1,2.42,2.29,3.23,3.13,2.84,5.13,4.33,17.6,8.3,3.59,3.07,2722631,2389813,152134,2237678,2237678,253883,8082,214226,187458,26768,9236021,7810783,4369458,3441325,285482,161716,-123765,2208375,130037,55109,2023229,2023229,140436,627541,3560,1151236
2016-09-1,2.47,2.42,3.25,3.16,2.99,5.11,4.6,16.78,8.28,3.74,3.18,2626213,2297402,146252,2151150,2151150,235594,2882,201986,185222,16764,9236001,8073906,4368744,3705161,350787,88399,-262387,1947752,125008,48332,1774412,1774412,142031,603868,3445,915286
2016-10-1,2.59,2.5,3.1,3.06,3.05,3.65,4.19,13.74,7.96,3.87,3.23,2720187,2364679,150534,2214145,2214145,225671,5753,176466,173455,3000,9235898,8384087,4371364,4012723,386636,78239,-308397,1925203,128669,47637,1748897,1748897,191437,622720,3560,743796
2016-11-1,2.7,2.41,4.95,3,2.74,4.58,3.9,10.77,7.67,3.86,3.14,2678247,2307494,146894,2160600,2160600,221949,9073,227919,194922,32976,9235944,8349053,4372472,3976581,177903,213195,35292,2159445,125558,53930,1979957,1979957,280600,654119,3445,662046
2016-12-1,3.5,3.31,4.63,3.82,3.65,4.68,3.96,9.06,7.27,4.27,4.15,2746543,2357556,150081,2207475,2207475,271910,8854,250836,208993,41825,9239042,7676680,4379736,3296944,86656,762197,675541,2866273,128282,72600,2665391,2665391,462687,734194,3560,670787
2017-01-1,3.74,3.4,5.56,4.26,3.75,6.44,4.21,9.32,7.58,4.85,4.31,2723628,2339431,151984,2187447,2187447,278666,12955,269960,218600,51342,9239900,7000061,4377902,2622159,112505,787405,674900,2914165,126894,78712,2708559,2708559,479354,734762,4094,659623
2017-02-1,3.14,2.81,6.39,3.8,3.24,5.99,4.13,10.01,7.89,4.53,3.72,2493267,2142588,139196,2003393,2003393,246094,8477,253227,201167,52042,9239900,6714640,4377309,2337331,137031,421966,284935,2340577,116217,62816,2161544,2161544,359423,650301,3698,568781
2017-03-1,2.68,2.57,4.35,3.21,2.97,4.47,3.84,9.86,7.68,3.92,3.51,2797117,2425799,157595,2268204,2268204,275656,4878,273345,229765,43553,9240177,6440293,4377788,2062505,174880,449319,274439,2523710,131579,67554,2324578,2324578,371651,696846,4094,672176
2017-04-1,2.64,2.53,3.74,3.65,3.25,5.16,4.2,11.34,8.04,4.11,3.5,2689967,2350432,152698,2197733,2197733,233077,5171,242424,191732,50669,9251415,6670165,4378915,2291250,352299,122132,-230167,1932494,127491,50973,1754030,1754030,211961,632132,3962,627049
2017-05-1,2.7,2.59,3.86,3.57,3.17,4.8,4.42,13.25,8.31,4.02,3.61,2778965,2428739,157786,2270953,2270953,238831,5494,248867,188062,60782,9251415,7011244,4384737,2626507,430352,89622,-340730,1892487,131738,49723,1711026,1711026,178492,628921,4094,700059
2017-06-1,2.62,2.51,3.58,3.41,3.1,4.61,4.82,16.06,8.75,4.05,3.4,2688422,2373176,154176,2219000,2219000,234140,5637,253322,200844,52462,9256144,7260702,4353894,2906809,385572,104773,-280799,1910937,128725,50330,1731883,1731883,138030,614821,3962,851035
2017-07-1,2.4,2.31,3.44,3.37,3.13,4.26,4.73,17.86,8.81,3.92,3.32,2753997,2477573,160958,2316614,2316614,245292,5189,248801,195201,53592,9255831,7409892,4355741,3054151,303380,153530,-149850,2142104,134387,56698,1951019,1951019,133641,624037,4094,1081826
2017-08-1,2.38,2.24,3.34,3.27,3.13,3.88,4.61,18.22,8.76,3.78,3.24,2769670,2476180,160868,2315312,2315312,239997,7862,247302,201833,45468,9258191,7605198,4355301,3249896,353387,157763,-195625,2094286,134312,55349,1904625,1904625,137219,637476,4094,1022019
2017-09-1,2.12,2.05,4.08,3.3,3.14,3.88,4.52,16.92,8.52,3.83,3.27,2763285,2438213,158401,2279811,2279811,226769,2650,248916,194183,54733,9257762,7922712,4355483,3567228,419311,102776,-316535,1920949,132252,50513,1738184,1738184,144819,615657,3962,859260
2017-10-1,2.06,1.99,4.41,3.37,3.11,4.02,4.03,13.39,7.97,3.78,3.24,2911373,2564255,166590,2397665,2397665,238859,2457,279775,199576,80195,9257720,8170238,4353741,3816497,378180,130729,-247451,2032007,139089,53456,1839462,1839462,200671,657100,4094,772543
2017-11-1,2.53,2.4,3.59,3.54,3.18,4.47,3.97,10.14,7.51,3.84,3.5,2897003,2558771,166233,2392537,2392537,233906,6378,287727,207607,80100,9261090,8062349,4353086,3709263,199026,285005,85980,2357676,138792,62661,2156223,2156223,322415,696080,3962,666156
2017-12-1,3.27,2.95,5.55,3.68,3.28,4.74,4,9.29,7.42,4.19,3.81,3025419,2628395,170757,2457638,2457638,263583,10864,300138,217521,82604,9264128,7392391,4359790,3032602,90710,785458,694748,3084490,142568,83080,2858842,2858842,486785,761277,4094,785029
2018-01-1,4.41,3.79,7.51,3.97,3.85,4.34,4.36,8.9,7.39,4.48,5.38,2986315,2612489,177857,2434632,2434632,283223,16640,300234,227758,72463,9254963,6497521,4356964,2140557,140847,1036901,896054,3334981,134051,97286,3103644,3103644,554196,778211,4282,786001
2018-02-1,3.02,2.76,5.95,3.93,3.31,5.62,3.99,9.63,7.74,4.87,3.75,2746378,2410396,164099,2246298,2246298,230617,6771,275652,201968,73684,9254395,6029758,4357095,1672663,132512,599428,466917,2705928,123682,78482,2503764,2503764,424431,695629,3868,690022
2018-03-1,2.45,2.16,7.07,3.37,2.87,4.45,3.69,9.76,7.71,4.02,3.32,3084539,2720684,185223,2535461,2535461,264248,6473,291468,199901,91542,9251196,5743374,4353094,1390280,164116,449149,285033,2792620,139603,80633,2572384,2572384,418112,734231,4282,756528
2018-04-1,2.2,2.11,4.57,3.46,2.98,4.56,3.65,10.05,7.65,3.91,3.26,2979322,2617048,178167,2438880,2438880,239095,3131,278941,193227,85684,9246185,5777258,4350458,1426800,255580,223809,-31771,2346316,134285,67230,2144801,2144801,301980,693936,4144,703919
2018-05-1,1.73,1.64,4.61,3.7,2.99,5.03,4.14,13.52,8.34,3.81,3.16,3097136,2729555,185827,2543728,2543728,224488,2653,272116,177289,94797,9246082,6199145,4351691,1847454,488969,65909,-423060,2050892,140058,58076,1852758,1852758,163790,667578,4282,848085
2018-06-1,1.87,1.77,4.62,3.43,2.96,4.65,4.49,16.47,8.58,3.78,3.23,2961223,2645313,180092,2465221,2465221,225537,2904,261995,188431,73535,9244217,6549065,4353838,2195227,436179,87627,-348552,2058667,135736,58444,1864488,1864488,142423,646136,4144,952554
2018-07-1,2.16,2.03,3.72,3.72,2.98,5.28,4.5,17.84,8.84,3.77,3.35,3096945,2758842,187821,2571021,2571021,241382,5602,305997,207736,98240,9244717,6735506,4354236,2381269,361544,175166,-186378,2344581,141561,66956,2136063,2136063,137594,664771,4282,1223514
2018-08-1,2.22,2.1,3.72,3.78,3.13,5.33,5.25,18.56,8.69,3.68,3.39,3165158,2814741,191626,2623114,2623114,231529,5473,311449,219909,91526,9244717,6971846,4355005,2616841,407139,171775,-235365,2307705,144429,65748,2097527,2097527,142995,664953,4282,1185530
2018-09-1,2.09,1.97,5.02,3.47,2.98,4.78,4.72,17.23,8.57,3.76,3.23,3141861,2796916,190413,2606504,2606504,210896,3154,301746,220359,81381,9244717,7306139,4355771,2950368,463813,129749,-334064,2151522,143515,61029,1946978,1946978,146628,654103,4144,1029799
2018-10-1,2.61,2.34,5.9,3.76,3.28,4.92,4.1,12.23,7.69,4.04,3.52,3270299,2895137,197099,2698038,2698038,209023,6075,306646,216751,89886,9244487,7592871,4356617,3236255,421566,131043,-290522,2279103,148555,64754,2065795,2065795,237349,681323,4282,887814
2018-11-1,4.1,3.87,10.7,4.46,3.92,5.62,4.28,9.41,7.34,4.52,4.34,3234886,2870234,195404,2674830,2674830,209652,2805,337716,230107,107585,9240250,7386391,4356312,3030079,213135,418016,204881,2709923,147277,77886,2484759,2484759,386391,732496,4144,762951
2018-12-1,4.89,4.14,8.64,5.22,4.39,6.84,4.72,9.61,7.7,5.48,4.89,3365311,2951941,200967,2750975,2750975,242347,14771,363458,240641,122795,9240542,7068849,4360531,2708318,190513,510852,320339,2993096,151469,86366,2755261,2755261,459253,764120,4282,762221
2019-01-1,4.3,3.55,9.35,4.39,3.6,5.89,4.04,9.45,7.7,5.03,4.16,3357370,2951785,204646,2747140,2747140,276363,14434,364787,237813,126957,9241633,6360109,4366113,1993997,95142,803756,708614,3399783,151461,97543,3150779,3150779,556845,797475,4133,840537
2019-02-1,4.06,3.6,8.96,3.76,3.17,5.06,3.85,9.47,7.58,4.64,3.79,3050698,2694335,190780,2503555,2503555,225750,7528,329954,227074,102866,9248736,5792097,4365887,1426210,104352,672497,568145,2998986,138251,86044,2774691,2774691,473606,716093,3733,776339
2019-03-1,3.79,3.63,7.7,3.68,3.04,4.84,4.01,9.49,7.44,4.32,3.59,3387137,3000840,213078,2787763,2787763,249443,3499,373539,242696,130814,9224356,5545464,4360573,1184891,189689,434932,245243,2899765,153978,83197,2662590,2662590,426794,747074,4133,798136
2019-04-1,2.14,1.97,7.32,3.32,2.49,4.7,3.68,10.94,7.76,4,2.99,3307221,2919841,207694,2712147,2712147,203685,2842,338213,211083,127102,9222153,5926851,4367449,1559402,485598,103531,-382067,2200952,149822,63148,1987983,1987983,248512,672132,3999,735698
2019-05-1,1.81,1.81,7.66,3.51,2.94,4.39,3.65,12.88,8.08,3.64,2.85,3392263,3003926,216366,2787560,2787560,207613,9,368568,223633,144913,9226179,6403000,4371969,2031031,556916,85019,-471898,2120906,154137,60851,1905919,1905919,185746,673190,4133,831234
2019-06-1,1.54,1.54,8.44,3.18,2.28,4.57,4.05,15.72,8.22,3.55,2.67,3298699,2943471,207516,2735955,2735955,201133,5,360226,218249,141956,9226879,6835476,4374728,2460748,523071,91812,-431260,2115190,151035,60687,1903468,1903468,144783,632673,3999,993253
2019-07-1,1.86,1.72,6.73,3.47,2.26,5.29,4.16,17.94,8.45,3.34,2.62,3383779,3039774,210176,2829598,2829598,227550,2832,393400,236515,156865,9226773,7088570,4374373,2714197,415594,161500,-254094,2407213,155976,69065,2182171,2182171,143987,647345,4133,1273225
2019-08-1,1.73,1.63,4.57,3.23,2.15,5.13,4.2,18.58,8.41,3.2,2.5,3444752,3105344,212547,2892797,2892797,217167,2886,384983,246391,138578,9227873,7374445,4376635,2997810,453252,167605,-285647,2436913,159341,69917,2207655,2207655,142191,670876,4639,1288300
2019-09-1,1.65,1.65,0,3.55,2.38,5.26,4.13,17.81,8.33,3.35,2.68,3400527,3046751,215081,2831670,2831670,208264,0,394499,234222,160262,9229002,7793013,4378074,3414939,528510,109361,-419150,2216155,156334,63584,1996237,1996237,144711,642330,4489,1094787
2019-10-1,2.15,1.96,4.65,3.54,2.28,5.3,3.4,12.62,7.63,3.43,2.58,3577153,3193166,223928,2969238,2969238,204977,5532,425440,247446,177966,9229747,8140781,4378738,3762043,461419,115665,-345754,2327289,163847,66772,2096670,2096670,217868,681637,4639,959873
2019-11-1,2.8,2.66,7.12,4.03,2.66,5.82,3.44,9.42,7.03,3.87,3.08,3498543,3102924,215468,2887457,2887457,220952,2781,441362,250722,190610,9229797,7990034,4379982,3610052,201178,350856,149678,2752828,159216,78981,2514631,2514631,379690,730713,4489,819468
2019-12-1,3.23,2.84,6.17,3.88,2.48,5.53,3.49,9.38,7.21,3.88,3.05,3606346,3194898,222716,2972182,2972182,245539,10481,481006,260483,220498,9229692,7568322,4379629,3188693,137798,556268,418470,3138365,163936,90043,2884386,2884386,456209,776109,4639,896577
2020-01-1,2.92,2.44,6.03,3.67,2.13,5.26,3.27,9.52,7.26,3.66,2.74,3593508,3172003,233649,2938354,2938354,248865,13218,509838,259500,250305,9229535,6996588,4380203,2616385,94242,665035,570793,3288604,162761,94353,3031489,3031489,492421,786716,4996,929710
2020-02-1,2.16,1.94,5.67,3.48,1.93,5.04,3.09,9.26,7.06,3.54,2.5,3342612,2947036,207916,2739119,2739119,232458,5689,453798,228012,225786,9229502,6460135,4378994,2081141,98895,634364,535470,3034888,151218,87074,2796596,2796596,447961,728749,4673,882848
2020-03-1,1.71,1.62,4.34,3.27,1.74,4.84,3.23,9.86,7.32,3.35,2.23,3562224,3153721,234827,2918894,2918894,214193,2860,496866,252640,244226,9229465,6408753,4379114,2029639,236339,285472,49133,2708316,161823,77704,2468789,2468789,340266,718701,4996,880779
2020-04-1,1.50,1.48,1.48,3.17,1.68,4.67,3.06,10.68,7.38,2.97,2.20,3368077,2985903,213528,2772375,193280,190042,3214,420333,209867,210466,9240448,6718008,4383759,2334249,436307,130945,-305362,2247239,153212,64476,2029552,377575,239988,643237,4835,763917
